"Reference","Qty","Value","Footprint","Datasheet","JLCPCB part number"
"A1","1","Main_Arduino_Nano_Every","Module:Arduino_Nano","https://content.arduino.cc/assets/NANOEveryV3.0_sch.pdf",""
"A2","1","Sub_Arduino_Nano_Every","Module:Arduino_Nano","https://content.arduino.cc/assets/NANOEveryV3.0_sch.pdf",""
"J14","1","Left","Connector_PinHeader_2.54mm:PinHeader_2x10_P2.54mm_Vertical","~",""
"J15","1","Right","Connector_PinHeader_2.54mm:PinHeader_2x10_P2.54mm_Vertical","~",""
"R1","1","10kΩ","Resistor_SMD:R_0603_1608Metric","~","C25804"
"R2,R3,R4,R5,R6,R8,R10,R16,R18","9","1kΩ","Resistor_SMD:R_0603_1608Metric","~","C21190"
"R7,R14,R23,R24","4","3.3kΩ","Resistor_SMD:R_0603_1608Metric","~","C22978"
"R11,R12,R19,R20,R25,R26,R27,R29,R30,R31,R32,R33,R34,R35,R36,R37,R38","17","100Ω","Resistor_SMD:R_0603_1608Metric","~","C22775"
"R21,R22","2","4.7kΩ","Resistor_SMD:R_0603_1608Metric","~","C23162"
